Variable,VIF
SEXO,1.0220823574465792
EDAD,1.1061522966789754
RELIGION,1.0791955990796571
NIVELESTENTREV,1.2866362432825824
INGRESHOG,1.2386593298442181
